[
  {

    "date_created": "2019-08-26T09:26:08",
    "date_created_gmt": "",
    "email": "martinjames@gmail.com",
    "id": 117,
    "name": "Marting James",
    "product_id": 0,
    "rating": 3,
    "review": "Nice Product",
    "verified": false
  },
  {

    "date_created": "2019-08-25T09:26:08",
    "date_created_gmt": "",
    "email": "nick@gmail.com",
    "id": 117,
    "name": "Nick Jonas",
    "product_id": 0,
    "rating": 3,
    "review": "nice",
    "verified": true
  },
  {

    "date_created": "2019-08-22T09:26:08",
    "date_created_gmt": "",
    "email": "williams@gmail.com",
    "id": 117,
    "name": "Williams Smith",
    "product_id": 0,
    "rating": 2,
    "review": "Its usefull",
    "verified": false
  },
  {

    "date_created": "2019-08-16T09:26:08",
    "date_created_gmt": "",
    "email": "scottjames@gmail.com",
    "id": 117,
    "name": "Scott James",
    "product_id": 0,
    "rating": 5,
    "review": "Cool Product",
    "verified": false
  },
  {

    "date_created": "2019-05-26T09:26:08",
    "date_created_gmt": "",
    "email": "jenny@gmail.com",
    "id": 117,
    "name": "Jenny Smith",
    "product_id": 0,
    "rating": 1,
    "review": "Not so much awosome",
    "verified": true
  },
  {

    "date_created": "2019-04-26T09:26:08",
    "date_created_gmt": "",
    "email": "denial@gmail.com",
    "id": 117,
    "name": "Denial Cruse",
    "product_id": 0,
    "rating": 4,
    "review": "nice",
    "verified": true
  }
]